"","tran_id","site_id","detection","det_type","ontran","obs_num","date","start_time","elev","avg_wind_spd","air_temp","gr_temp","rock_ind_avg","rock_ind_median","shr_dens","vap_pres_kPa","prey_pres","start_time_hms","quar_1_m","quar_2_m","quar_3_m","quar_4_m","total_length_m","tran_time"
"1","CB004","Calico Basin",1,"s","y",1,2025-05-28,"17:47:00",1239.83,6.55,29.63,30.5,4,4,0.1303,3.503,0,17:47:00,298.49,171.7,309.91,240.92,1021.02,"1:39:00"
"2","CB005","Calico Basin",0,"","y",1,2025-06-30,"5:50:00",1182.2,2.1,29.16,28,4.6,4.5,0.3611,3.17,2,05:50:00,266.1,254.52,243.49,243.74,1007.85,"1:31:00"
"3","CB007","Calico Basin",0,"","y",1,2025-06-07,"8:50:00",1344.8,2.38,29.6,32.2,2.6,2,0.3875,2.781,2,08:50:00,246.69,248.2,298.87,230.25,1024.01,"1:36:00"
"4","CB008","Calico Basin",0,"","y",1,2025-04-18,"8:05:00",1121,6.3,14.78,17.8,4.1,4,0.5195,1.299,0,08:05:00,199.54,223.64,233.6,343.01,999.79,"1:45:00"
"5","CB010","Calico Basin",0,"","y",1,2025-04-30,"9:03:00",1340,6.26,22.02,29,4.3,4.5,0.7866,1.934,0,09:03:00,279.78,250.36,242.47,229.29,1001.9,"1:34:00"
"6","CB011","Calico Basin",0,"","y",1,2025-04-27,"15:16:00",1298.8,6.04,14.8,17.7,2.4,2,0.2459,1.187,1,15:16:00,245.32,240.64,217.74,290.9,994.6,"1:55:00"
"7","CB012","Calico Basin",0,"","y",1,2025-06-23,"8:42:00",1224.4,3.48,26.22,29.8,3.2,3.5,1.0986,3.015,0,08:42:00,249.65,236.75,251.23,262.36,999.99,"1:40:00"
"8","CB020","Calico Basin",0,"","y",1,2025-07-27,"6:05:00",1248.8,1.84,23.98,22.1,3,3,0.3018,2.266,1,06:05:00,250.06,235.22,261.38,235.54,982.2,"1:53:00"
"9","CB021","Calico Basin",0,"","y",1,2025-04-30,"14:17:00",1308,4.34,26.22,33.9,2.9,3,0.3657,3.071,2,14:17:00,275.11,233.43,258.18,228.59,995.31,"1:29:00"
"10","CB033","Calico Basin",0,"","y",1,2025-06-27,"6:27:00",1179.2,1,26.88,25.8,3.7,4,0.3806,2.76,0,06:27:00,275.33,254.91,198.96,274.41,1003.61,"1:54:00"
"11","CB040","Calico Basin",0,"","y",1,2025-05-03,"9:18:00",1158.2,4.18,25.24,32,3.4,3,0.6463,2.353,5,09:18:00,283.52,229.74,228.96,257.46,999.68,"1:56:00"
"12","CB047","Calico Basin",0,"","y",1,2025-06-14,"18:24:00",1308.6,3.42,30.54,29.4,3.3,4,0.5668,4.097,1,18:24:00,261.2,270.88,283.78,276.85,1092.71,"1:48:00"
"13","CB061","Calico Basin",0,"","y",2,2025-04-24,"8:20:00",1240.4,3.12,18.46,23.4,4,4,0.6367,1.548,8,08:20:00,284.02,241.21,300.95,173.32,999.5,"1:45:00"
"14","CB072","Calico Basin",0,"","y",1,2025-06-19,"5:43:00",1146.8,2.38,27.64,23.7,3.2,4,0.2683,3.39,0,05:43:00,264.77,243.28,240.77,213.55,962.37,"1:46:00"
"15","CB073","Calico Basin",0,"","y",3,2025-05-18,"9:47:00",1101.8,9.14,20.92,24.1,3.7,4,0.4487,1.847,12,09:47:00,260.47,252.42,254.51,234.26,1001.66,"1:31:00"
"16","CB084","Calico Basin",0,"","y",1,2025-05-22,"8:34:00",1307.8,6.5,27.48,30,2.6,2.5,1.1367,3.234,0,08:34:00,239.6,246.58,261.45,248.93,996.56,"2:07:00"
"17","CB086","Calico Basin",0,"","y",2,2025-04-24,"11:30:00",1151,7.84,23.48,30,3.9,4,0.707,2.377,3,11:30:00,234.59,261.97,249.65,252.92,999.13,"1:42:00"
"18","CB089","Calico Basin",0,"","y",1,2025-07-12,"5:09:00",1274.6,0.66,26.02,24.4,3,2.5,0.405,2.629,1,05:09:00,246.9,261.51,233.58,231.91,973.9,"2:09:00"
"19","CB095","Calico Basin",0,"","y",2,2025-05-11,"12:11:00",1149,16.42,31.44,35.2,3.8,4,0.6888,3.85,7,12:11:00,260.93,267.15,247.33,224.78,1000.19,"1:52:00"
"20","CB096","Calico Basin",0,"","y",1,2025-06-24,"10:26:00",1213.4,4.3,29.8,36.2,1.8,2,0.2527,3.591,2,10:26:00,267.64,248.2,234.84,245.97,996.65,"1:40:00"
"21","CB099","Calico Basin",0,"","y",1,2025-07-10,"9:02:00",1409.6,4.3,31.66,35.4,2.9,2,0.1838,3.889,2,09:02:00,266.47,282.12,243.84,174.12,966.55,"1:55:00"
"22","CB104","Calico Basin",0,"","y",1,2025-06-23,"18:40:00",1143.2,4.18,28.14,28.4,3.8,3,0.5523,3.085,5,18:40:00,260.16,260.8,296.12,238.51,1055.59,"1:40:00"
"23","CB106","Calico Basin",0,"","y",1,2025-07-21,"7:20:00",1191.6,3.8,31.8,33.6,3.3,3,0.4234,3.74,2,07:20:00,220.48,240.9,237.73,232.99,932.1,"1:53:00"
"24","CB137","Calico Basin",0,"","y",1,2025-06-10,"8:41:00",1214.2,6.38,32.32,36.6,4.3,4.5,0.4052,3.654,1,08:41:00,245.64,255.37,276.92,238.13,1016.06,"1:47:00"
"25","CB139","Calico Basin",1,"s","y",1,2025-05-09,"10:46:00",1234.67,3.667,28.93,33.75,3.58,3.25,0.8117,2.922,4,10:46:00,171.24,216.72,257.39,263.6,908.95,"2:11:00"
"26","CB141","Calico Basin",0,"","y",1,2025-04-18,"10:01:00",1091,9.38,17.64,24,4,4,0.4136,1.818,0,10:01:00,235.39,248.44,252.05,263.74,999.62,"1:28:00"
"27","CB142","Calico Basin",0,"","y",1,2025-04-18,"8:00:00",1092,5.4,17.9,18.9,3.8,3.5,0.5493,1.766,0,08:00:00,263.3,232.97,250.36,254.84,1001.47,"1:30:00"
"28","CB144","Calico Basin",0,"","y",1,2025-04-10,"12:06:00",1145,1.58,31.52,39.6,3,3,0.2163,4.156,1,12:06:00,263.83,232.44,234.46,248.59,979.32,"1:57:00"
"29","CB146","Calico Basin",0,"","y",3,2025-04-05,"10:39:00",1190.4,8.88,16.4,19.3,3.3,4,0.7248,1.513,5,10:39:00,258.88,235.64,255.7,263.05,1013.27,"1:48:00"
"30","CB160","Calico Basin",0,"","y",3,2025-04-06,"14:42:00",1146.6,2.3,24.7,25.8,3.3,3,0.2409,2.718,1,14:42:00,228.65,231.1,298.7,235.53,993.98,"1:39:00"
"31","CB167","Calico Basin",0,"","y",1,2025-06-24,"10:19:00",1310.6,6.22,27.52,34.1,3.2,3.5,0.6119,2.82,1,10:19:00,209.37,261.72,261.34,237.61,970.04,"1:56:00"
"32","CB193","Calico Basin",0,"","y",1,2025-06-30,"7:59:00",1212.2,3.12,33.6,36.2,4.6,4.5,0.1684,4.082,1,07:59:00,255.56,252,248.17,245.98,1001.71,"1:38:00"
"33","CB195","Calico Basin",0,"","y",3,2025-04-05,"13:38:00",1139.2,4.18,20.22,24.8,3.7,4,0.332,2.068,1,13:38:00,223.79,234.45,239.38,294.38,992,"1:31:00"
"34","CB196","Calico Basin",0,"","y",1,2025-07-12,"7:55:00",1242.6,3.7,31.1,32.8,3.3,3,0.2422,3.571,0,07:55:00,258.28,244.68,253.68,248.27,1004.91,"1:51:00"
"35","CB198","Calico Basin",0,"","y",1,2025-07-16,"5:12:00",1222.4,8.32,28.16,26.6,1.4,1,0.0418,2.9,1,05:12:00,278.15,233.51,273.03,255.56,1040.25,"2:14:00"
"36","CB199","Calico Basin",0,"","y",1,2025-06-20,"18:03:00",1299.4,5.14,30.32,32.2,3.3,4,0.3956,4.022,0,18:03:00,254.62,295.71,305.69,247.22,1103.24,"1:32:00"
"37","CB236","Calico Basin",0,"","y",1,2025-05-12,"11:11:00",1159.8,8.08,26.3,31.8,3.9,4,0.4324,2.743,2,11:11:00,242.79,2.83,505.27,250.9,1001.79,"1:30:00"
"38","CB244","Calico Basin",0,"","y",1,2025-06-07,"6:03:00",1194,1.52,24.48,22.4,2.7,2,0.7785,2.004,5,06:03:00,281.01,272.94,232.74,258.51,1045.2,"1:52:00"
"39","CB262","Calico Basin",1,"s","y",1,2025-06-19,"7:26:00",1224.83,1.183,32.6,32.83,3.5,3,0.2357,4.136,1,07:26:00,239.84,259.23,214.42,278.17,991.66,"1:49:00"
"40","CB263","Calico Basin",0,"","y",2,2025-07-29,"7:55:00",1125.4,3.14,32.56,32.3,3.2,3.5,0.502,4.367,0,07:55:00,278.16,228.59,245.37,244.81,996.93,"1:38:00"
"41","CB267","Calico Basin",0,"","y",1,2025-07-29,"5:44:00",1164,0.3,27.48,25.8,4.1,5,0.2786,2.817,0,05:44:00,277.6,242.52,253,206.26,979.38,"1:54:00"
"42","CB275","Calico Basin",0,"","y",1,2025-05-31,"18:25:00",1122,5.48,34.66,34.9,4.2,4,0.5225,4.637,0,18:25:00,255.81,242.71,254.85,247.75,1001.12,"1:42:00"
"43","CB290","Calico Basin",0,"","y",1,2025-07-23,"8:49:00",1347.2,5.02,27.54,30.38,3.4,4,0.3891,2.959,0,08:49:00,316.55,315.26,268.24,256.7,1156.75,"1:32:00"
"44","CB292","Calico Basin",0,"","y",1,2025-06-15,"5:48:00",1135,9.46,30.42,29.38,3.6,4,0.5424,3.942,0,05:48:00,251.37,234.84,257.55,247.48,991.24,"1:36:00"
"45","CB308","Calico Basin",0,"","y",1,2025-06-27,"8:42:00",1243.2,4.08,28.3,29.7,2,2,0.0859,3.246,0,08:42:00,266.34,263.22,240.58,230.02,1000.16,"1:58:00"
"46","CB310","Calico Basin",0,"","y",1,2025-06-14,"18:14:00",1327,3.9,31.34,30.8,2.8,2,0.1292,3.99,3,18:14:00,210.81,419.51,194.21,248.31,1072.84,"2:02:00"
"47","CB313","Calico Basin",0,"","y",1,2025-07-16,"8:23:00",1233.8,4.14,29.94,30.3,3.7,3,0.2574,3.125,1,08:23:00,289.17,230.22,263.07,208.1,990.56,"1:38:00"
"48","CB314","Calico Basin",0,"","y",1,2025-04-17,"11:29:00",1141.2,6.88,19.92,25.6,4,4,0.2005,1.655,4,11:29:00,267.48,218.45,250.68,278.06,1014.67,"1:23:00"
"49","CB318","Calico Basin",0,"","y",1,2025-06-10,"6:46:00",1182.4,2.3,29.28,31.2,4.3,4,0.5877,3.088,1,06:46:00,248.69,242.55,245,271.7,1007.94,"1:37:00"
"50","CB320","Calico Basin",0,"","y",1,2025-07-21,"8:16:00",1238.6,4.52,30.28,33.2,4.5,4.5,0.4313,3.047,0,08:16:00,251.19,253.15,257.65,274.7,1036.69,"1:43:00"
"51","CB325","Calico Basin",1,"s","y",1,2025-06-23,"7:55:00",1158.86,3.157,26.53,31.79,4.86,5,0.4051,2.805,12,07:55:00,248.61,254,269.29,252.82,1024.72,"1:48:00"
"52","CB336","Calico Basin",0,"","y",1,2025-04-17,"13:49:00",1177.6,11.32,18.3,23,2.8,2.5,0.1984,1.33,2,13:49:00,303.7,303.22,209.5,186.92,1003.34,"1:42:00"
"53","CB353","Calico Basin",0,"","y",1,2025-04-22,"9:12:00",1320,4.04,22.72,25.3,3.1,2.5,0.853,2.14,1,09:12:00,237.08,229.87,291.42,263.99,1022.36,"1:38:00"
"54","CB356","Calico Basin",0,"","y",1,2025-07-21,"6:02:00",1203.4,4.4,26.86,26.1,3.6,4,0.2734,2.429,0,06:02:00,328.68,263.54,245.89,222.94,1061.05,"1:38:00"
"55","CB383","Calico Basin",0,"","y",1,2025-04-13,"15:55:00",1355,4.92,24.52,29.5,2.6,2,0.0818,2.747,2,15:55:00,173.64,303.02,225.79,237.53,939.98,"1:43:00"
"56","CB387","Calico Basin",0,"","y",1,2025-07-16,"5:22:00",1212,3.66,27.88,26.6,2.4,2,0.3693,2.983,0,05:22:00,239.16,260.48,230.74,245.15,975.53,"1:38:00"
"57","CB392","Calico Basin",0,"","y",1,2025-04-30,"11:37:00",1277.6,5.06,25.42,31.9,3.1,3.5,0.4368,2.98,1,11:37:00,212.27,256.73,252,229.87,950.87,"1:53:00"
"58","CB405","Calico Basin",0,"","y",1,2025-04-17,"13:30:00",1105.6,7.42,20.08,24.9,3.5,4,0.328,1.648,1,13:30:00,267.99,246.23,218.38,158.84,891.44,"1:33:00"
"59","CB417","Calico Basin",0,"","y",1,2025-05-06,"11:59:00",1331.8,2.4,19.22,20.8,3,4,0.3829,0.985,1,11:59:00,213.83,249.35,241.43,251.81,956.42,"1:31:00"
"60","CB434","Calico Basin",0,"","y",1,2025-04-10,"12:34:00",1213.8,6.2,28.7,36.6,2.9,2.5,0.6124,3.456,3,12:34:00,185.7,286.57,178.4,234.25,884.92,"1:47:00"
"61","CB436","Calico Basin",0,"","y",1,2025-04-24,"11:39:00",1118,6.3,24.74,31.3,2.8,3,0.2535,3,3,11:39:00,298.22,160.36,277.6,230.51,966.69,"1:40:00"
"62","CB439","Calico Basin",0,"","y",1,2025-04-30,"11:32:00",1367.2,4.86,24.26,33.6,3.6,4,0.9445,2.304,1,11:32:00,255.22,246.92,253.01,217.11,972.26,"1:38:00"
"63","CB443","Calico Basin",0,"","y",1,2025-07-12,"5:28:00",1143.4,2.2,27.78,24.6,2.5,1,0.2669,3.304,2,05:28:00,245.7,248.63,244.03,226.62,964.98,"1:43:00"
"64","CB449","Calico Basin",0,"","y",1,2025-06-03,"10:12:00",1293,2.56,27.58,31.8,1.7,2,0.4299,2.218,0,10:12:00,263.37,258.38,237.98,243.84,1003.57,"2:05:00"
"65","CB454","Calico Basin",0,"","y",1,2025-05-12,"11:14:00",1168.2,8.48,27.04,31.9,2.4,2,0.2212,3.144,4,11:14:00,268.72,247.75,244.28,242.68,1003.43,"1:49:00"
"66","CB455","Calico Basin",0,"","y",1,2025-06-23,"18:36:00",1122.4,6.78,28.04,28.6,3.2,3.5,0.3097,3.267,0,18:36:00,247.82,242.65,251.52,252.2,994.19,"1:32:00"
"67","CB469","Calico Basin",0,"","y",1,2025-05-31,"8:12:00",1309.6,2.38,30.38,33.7,3,3,0.3971,3.426,0,08:12:00,251.51,239.6,265.8,233.58,990.49,"1:49:00"
"68","CB479","Calico Basin",0,"","y",1,2025-05-31,"8:09:00",1286.8,3.34,30.8,35,3.2,3.5,0.6856,3.778,2,08:09:00,246.38,246.3,236.83,263.87,993.38,"1:39:00"
"69","CB485","Calico Basin",0,"","y",1,2025-05-14,"9:05:00",1101.6,6.98,20.98,26.8,3.9,4,0.4931,2.004,1,09:05:00,265.68,241.08,243.88,252.8,1003.44,"1:30:00"
"70","CB486","Calico Basin",0,"","y",2,2025-07-10,"8:03:00",1237.2,1.68,32.94,34.9,2.4,2,0.2145,4.695,0,08:03:00,203.17,266.26,292.54,197.54,959.51,"2:27:00"
"71","CB495","Calico Basin",0,"","y",2,2025-07-29,"5:10:00",1122.2,1.68,27.58,24.8,3.1,3,0.8403,3.198,5,05:10:00,262.53,249.56,236.46,258.26,1006.81,"2:05:00"
"72","CB496","Calico Basin",1,"s","y",1,2025-06-23,"5:29:00",1174.33,1.233,22.75,22.17,3.08,2.75,0.7539,2.437,2,05:29:00,269.46,233.05,232.76,241.49,976.76,"1:39:00"
"73","CB497","Calico Basin",0,"","y",3,2025-05-11,"8:00:00",1157.2,6.96,28.36,29.5,3.4,3,1.1323,3.002,4,08:00:00,241.48,252.66,289.66,228.63,1012.43,"2:12:00"
"74","CB498","Calico Basin",1,"s","y",1,2025-06-10,"18:22:00",1196.5,2.65,34.03,32.83,3.5,3,0.496,4.371,8,18:22:00,246.3,244.34,246.3,231.73,968.67,"1:39:00"
"75","CB499","Calico Basin",0,"","y",1,2025-07-27,"7:54:00",1143.4,1.1,28.54,29.06,2.8,2.5,0.3929,3.308,6,07:54:00,259.97,246.64,236.3,247.62,990.53,"1:38:00"
"76","CB505","Calico Basin",0,"","y",1,2025-05-03,"9:16:00",1179.2,5.58,26.58,34.3,3,3,0.3092,2.757,11,09:16:00,224.62,319.78,251.66,204.47,1000.53,"1:56:00"
"77","CB510","Calico Basin",0,"","y",1,2025-05-31,"10:50:00",1328,1.9,34.6,38.5,2.5,2.5,0.1663,4.395,0,10:50:00,267.21,237.67,250.28,238.43,993.59,"1:55:00"
"78","CB511","Calico Basin",0,"","y",1,2025-04-18,"10:18:00",1121.4,5.76,16.94,24.1,4.1,4,0.7398,1.581,2,10:18:00,263.24,193.56,265.21,271.65,993.66,"1:30:00"
"79","CB522","Calico Basin",0,"","y",1,2025-06-06,"16:39:00",1235.6,4.88,28.28,29.5,4.5,4.5,0.2939,2.522,3,16:39:00,258.3,246.35,286.3,307.57,1098.52,"2:00:00"
"80","CB524","Calico Basin",0,"","y",1,2025-05-31,"10:19:00",1235,3.36,35.38,42.8,3,3,0.3627,5.026,0,10:19:00,257.45,247.47,237.67,256.5,999.09,"1:51:00"
"81","CB532","Calico Basin",0,"","y",1,2025-06-10,"6:34:00",1119.4,3.08,29.2,28.7,3.6,4,0.2746,3.316,0,06:34:00,227.83,241.55,290.07,211.02,970.47,"1:33:00"
"82","CB535","Calico Basin",0,"","y",1,2025-07-27,"8:47:00",1292.6,2.46,27.74,27.5,2.7,2.5,0.323,2.789,10,08:47:00,309.74,284.34,212.79,264.38,1071.25,"1:56:00"
"83","CB593","Calico Basin",0,"","y",2,2025-07-10,"5:53:00",1122.6,3.02,26.96,26,3.5,3.5,0.1528,3.285,1,05:53:00,246.61,248.83,221.17,282.75,999.36,"1:35:00"
"84","CB598","Calico Basin",0,"","y",1,2025-05-06,"9:06:00",1206.6,2.46,16.44,20.4,3.6,4,0.4043,0.569,2,09:06:00,246.2,237.27,245.37,266.99,995.83,"1:28:00"
"85","CB608","Calico Basin",0,"","y",1,2025-07-23,"6:33:00",1297.6,2.02,23.84,23.36,2.2,1,0.2872,2.274,0,06:33:00,266.66,246.89,239.04,187.6,940.19,"1:37:00"
"86","CB616","Calico Basin",0,"","y",1,2025-05-14,"9:00:00",1144,7.3,17.58,23.4,4.5,4.5,0.4519,1.458,1,09:00:00,249.13,257.28,245.23,250.21,1001.85,"1:30:00"
"87","CB638","Calico Basin",0,"","y",1,2025-06-10,"17:43:00",1138.2,5.04,36.1,36.6,2.8,3,0.2456,5.375,0,17:43:00,264.85,258.67,279.96,212.79,1016.27,"1:35:00"
"88","CB639","Calico Basin",0,"","y",1,2025-06-19,"8:16:00",1194,5.38,34.7,35,1.8,2,0.1766,5.095,1,08:16:00,249.02,274.54,256.09,239.72,1019.37,"2:03:00"
"89","CB652","Calico Basin",0,"","y",1,2025-06-15,"5:52:00",1273,3.78,30.06,29.4,3,2.5,0.8018,3.489,3,05:52:00,235.63,292.22,251.79,291.23,1070.87,"2:01:00"
"90","CB656","Calico Basin",0,"","y",1,2025-07-12,"7:50:00",1241,3.4,31.44,30.8,2.5,3.5,0.3997,3.96,0,07:50:00,235.85,251.42,252.87,256.07,996.21,"1:37:00"
"91","CB680","Calico Basin",0,"","y",2,2025-05-06,"15:40:00",1177,3.78,19.3,20.3,3.8,4,0.4617,1.346,7,15:40:00,241.55,239.55,247.61,270.62,999.33,"1:30:00"
"92","CB702","Calico Basin",0,"","y",1,2025-06-30,"7:50:00",1175.2,4.32,32,32.4,3.4,4,0.5548,4.094,1,07:50:00,243.75,259.3,249.92,244.03,997,"1:36:00"
"93","CB713","Calico Basin",0,"","y",3,2025-04-13,"9:45:00",1194,4.86,23.42,30.6,2.4,2.5,0.3387,2.442,4,09:45:00,225.87,254.43,305,215.82,1001.12,"1:52:00"
"94","CB714","Calico Basin",0,"","y",1,2025-07-16,"7:36:00",1244,3.22,30.54,30.7,3.2,4,0.5919,3.563,1,07:36:00,264.96,244.07,263.66,239.07,1011.76,"1:34:00"
"95","CB715","Calico Basin",0,"","y",1,2025-05-22,"8:23:00",1279.8,4.6,29.34,32.5,2.5,2.5,0.1752,3.37,1,08:23:00,265.18,258.86,234.24,244.08,1002.36,"2:11:00"
"96","CB727","Calico Basin",0,"","y",2,2025-05-18,"12:04:00",1130.4,4.72,24.28,30,3.3,4,0.6143,2.411,2,12:04:00,251.93,243.72,245.96,251.09,992.7,"1:50:00"
"97","CB752","Calico Basin",0,"","y",1,2025-06-03,"11:11:00",1289.4,1.86,27.52,31.1,3.5,2.5,0.1476,2.144,2,11:11:00,262.32,243.98,254.06,266.24,1026.6,"2:17:00"
"98","CB753","Calico Basin",0,"","y",1,2025-04-17,"8:15:00",1181.8,5.14,17.26,22.4,2.6,2,0.2405,1.346,0,08:15:00,268.6,170.5,359.22,256.58,1054.9,"2:24:00"
"99","CB763","Calico Basin",0,"","y",1,2025-06-19,"5:24:00",1154.2,2.52,26.94,24,3.8,4,0.34,3.003,0,05:24:00,250.33,243.89,249.03,254.2,997.45,"1:37:00"
"100","CB765","Calico Basin",0,"","y",1,2025-07-10,"6:28:00",1379.8,1.8,27.52,26.8,2.8,2.5,0.2345,3.112,4,06:28:00,287.31,244.76,266.46,240.53,1039.06,"1:52:00"
"101","CB780","Calico Basin",0,"","y",1,2025-06-15,"8:01:00",1213.6,7.7,32.52,33.24,1.5,1,0.8716,4.523,2,08:01:00,249.65,256.68,225.2,267.75,999.28,"1:49:00"
"102","CB790","Calico Basin",0,"","y",1,2025-06-27,"6:33:00",1182.4,2.06,27.74,24.2,3.2,4,0.8667,3.143,0,06:33:00,278.8,232.38,238.51,256.89,1006.58,"1:37:00"
"103","CB792","Calico Basin",0,"","y",1,2025-06-27,"9:19:00",1298.4,4.42,29.92,34,2,2,0.1141,3.298,0,09:19:00,256.34,250.77,237.4,243.14,987.65,"1:54:00"
"104","CB796","Calico Basin",0,"","y",1,2025-06-30,"5:51:00",1124.2,2.22,27.02,23.9,4.1,4,0.8536,2.98,0,05:51:00,249.17,250.08,244.57,257.63,1001.45,"1:33:00"
"105","CB815","Calico Basin",0,"","y",1,2025-04-30,"14:23:00",1328.4,4.5,24.24,29.3,3.5,3,0.7021,2.323,1,14:23:00,226.46,290.01,260.12,230.17,1006.76,"1:36:00"
"106","CB816","Calico Basin",1,"v","y",3,2025-05-14,"12:46:00",1131.83,5.25,22.25,28.92,4.08,4,0.5153,2.187,10,12:46:00,252.82,236.18,257.83,193.71,940.54,"1:36:00"
"107","CB820","Calico Basin",0,"","y",1,2025-06-06,"16:43:00",1216.4,5.34,27.76,29.5,2.6,2,0.2435,2.668,2,16:43:00,252.78,250.14,236.29,259.97,999.18,"1:50:00"
"108","CB825","Calico Basin",0,"","y",1,2025-04-27,"12:08:00",1249.6,5.02,15.2,23.1,2.4,1.5,0.1086,1.213,1,12:08:00,266.83,198.29,352.01,91.11,908.24,"2:15:00"
"109","CB828","Calico Basin",0,"","y",1,2025-06-07,"6:16:00",1277.8,0.78,26.54,27.5,3.4,3.5,0.5368,2.228,3,06:16:00,259.29,294.3,232.37,280.41,1066.37,"2:03:00"
"110","CB839","Calico Basin",0,"","y",3,2025-04-13,"9:39:00",1162,2.16,24.74,30.6,2.4,2,0.262,2.711,6,09:39:00,268.98,253.26,257.37,226,1005.61,"2:02:00"
"111","CB845","Calico Basin",0,"","y",1,2025-05-12,"8:01:00",1158.4,7.4,23.22,25.4,2.8,2,0.3261,2.162,5,08:01:00,248.94,248.23,278.04,205.81,981.02,"1:46:00"
"112","CB850","Calico Basin",0,"","y",1,2025-06-20,"18:12:00",1390,6.44,29.68,29.8,3.6,4,0.3518,3.597,0,18:12:00,247.98,224.78,274.8,239.14,986.7,"1:33:00"
"113","CB857","Calico Basin",0,"","y",1,2025-04-17,"8:15:00",1204.6,4.32,16.46,20.1,3.2,2.5,0.1276,1.098,0,08:15:00,242.54,169.67,286.37,330.96,1029.54,"2:25:00"
"114","CB860","Calico Basin",0,"","y",1,2025-06-07,"8:44:00",1290.2,1.96,29.08,29.6,2.2,2,0.1662,2.963,0,08:44:00,251.55,249.68,248.02,252.28,1001.53,"2:06:00"
"115","CB862","Calico Basin",0,"","y",1,2025-05-22,"12:12:00",1486.6,8.46,28.74,36.8,1.6,1.5,0.3,3.686,0,12:12:00,222.21,273.29,258.63,242.97,997.1,"1:58:00"
"116","CB866","Calico Basin",0,"","y",1,2025-07-23,"6:38:00",1382.2,3.02,25.24,23.3,2.6,2,0.1493,2.297,0,06:38:00,296.2,243.77,193.61,256.44,990.02,"1:57:00"
"117","CB873","Calico Basin",0,"","y",1,2025-05-06,"9:15:00",1213.8,2.64,15.28,20.2,3.6,4,0.589,0.486,0,09:15:00,275.09,241.28,259.15,235.53,1011.05,"1:30:00"
"118","CB874","Calico Basin",0,"","y",1,2025-04-30,"8:59:00",1277,4.8,23.28,27.3,3.6,4,0.4552,2.564,0,08:59:00,257.02,237.1,249.44,247.22,990.78,"1:46:00"
"119","CB890","Calico Basin",0,"","y",1,2025-05-06,"12:06:00",1365.8,5.08,15.44,20.3,2.7,3.5,0.1423,0.652,2,12:06:00,304.17,205.17,240.52,229.75,979.61,"1:44:00"
"120","CB892","Calico Basin",0,"","y",1,2025-05-22,"12:10:00",1384.2,6.24,30.08,35.6,2,2,0.8916,3.619,1,12:10:00,244.77,259.41,241.08,251.11,996.37,"1:45:00"
"121","CB894","Calico Basin",0,"","y",1,2025-07-29,"8:34:00",1265.4,4.3,30.1,33.6,3.2,3,0.339,3.294,3,08:34:00,233.74,263.62,247.74,252.41,997.51,"1:40:00"
"122","CB897","Calico Basin",0,"","y",1,2025-05-09,"10:40:00",1259.6,3.66,28,34,2,1.5,0.2281,3.015,5,10:40:00,245.61,245.95,250.85,252.02,994.43,"1:59:00"
"123","CB901","Calico Basin",0,"","y",1,2025-07-27,"5:51:00",1100.4,1.7,23.96,22.06,4.1,4,0.3151,2.458,0,05:51:00,246.32,253.97,249.77,244.7,994.76,"1:31:00"
"124","CB925","Calico Basin",0,"","y",1,2025-06-15,"8:42:00",1336.8,5.08,31.92,33.8,2.2,2.5,0.4839,4.011,0,08:42:00,251.92,248.28,230.48,259.98,990.66,"1:34:00"
"125","CB930","Calico Basin",0,"","y",1,2025-05-12,"7:59:00",1190.4,6.5,24.08,26.2,2.3,2,0.5624,2.468,4,07:59:00,282.9,243.41,257.83,240.52,1024.66,"2:16:00"
"126","CB932","Calico Basin",0,"","y",1,2025-06-03,"13:28:00",1251.4,7.54,28.4,36.1,4,4,0.8932,2.575,1,13:28:00,238.57,251.08,243.44,269.35,1002.44,"1:30:00"
"127","CB933","Calico Basin",0,"","y",1,2025-04-22,"8:57:00",1301.4,4.66,23.12,24.3,2.2,2,0.2399,2.399,0,08:57:00,240.59,222.53,253.49,280.47,997.08,"2:18:00"
"128","CB944","Calico Basin",0,"","y",1,2025-04-27,"11:55:00",1261.8,6.6,15.56,21.7,1.6,2,0.1107,1.536,0,11:55:00,262.81,255.47,243.9,162.63,924.81,"2:27:00"
"129","CB949","Calico Basin",0,"","y",1,2025-04-13,"15:22:00",1337,2.26,25.76,26.4,2.3,1.5,0.1743,2.956,0,15:22:00,268.13,208.2,207.88,365.16,1049.37,"1:48:00"
"130","CB958","Calico Basin",0,"","y",1,2025-05-28,"17:55:00",1129.4,3.6,30.42,31.7,3.2,4,0.5946,3.927,3,17:55:00,257.68,229.69,253.59,266.64,1007.6,"1:37:00"
"131","CB968","Calico Basin",0,"","y",1,2025-04-24,"8:28:00",1254.4,3.12,19.72,23.1,3.2,3.5,0.2672,2.035,0,08:28:00,269.89,238.25,260.74,213.83,982.71,"1:35:00"
"132","CB976","Calico Basin",0,"","y",1,2025-04-17,"11:39:00",1170.4,9.66,17.96,24.9,4,4,0.3557,1.31,0,11:39:00,227.22,258.64,220.38,304.57,1010.81,"1:30:00"
"133","CB979","Calico Basin",0,"","y",1,2025-06-03,"7:28:00",1387.6,0.98,23.08,22.8,2.1,1,0.2621,1.45,3,07:28:00,254.99,263.56,243.46,242.12,1004.13,"2:07:00"
"134","CB981","Calico Basin",0,"","y",1,2025-06-10,"8:38:00",1162.8,6.44,32.92,38.1,4,4,0.3984,4.185,0,08:38:00,255.23,238.3,252.63,251.66,997.82,"1:30:00"
"135","CB990","Calico Basin",0,"","y",1,2025-07-21,"5:21:00",1134.2,1.62,26.66,24.6,2.9,2.5,0.4592,2.582,1,05:21:00,280.86,235.52,265.23,240.64,1022.25,"1:34:00"
"136","CB994","Calico Basin",0,"","y",1,2025-06-03,"7:43:00",1398.6,3.28,23.04,28.2,3.9,4,0.6154,1.397,6,07:43:00,267.56,237.67,260.29,258.88,1024.4,"1:58:00"
"137","CB996","Calico Basin",0,"","y",1,2025-07-23,"9:58:00",1417.8,5.58,27.62,31.5,2,2,0.3922,2.929,0,09:58:00,270.35,259.57,256.69,255.55,1042.16,"1:23:00"
"138","CB997","Calico Basin",0,"","y",2,2025-05-11,"8:03:00",1153,6.84,28.3,32.1,3.1,3,0.7174,3.171,3,08:03:00,246.57,248.87,251.44,259.96,1006.84,"2:06:00"
"139","CBOTD01","Calico Basin",1,"v","n",4,2025-04-10,"10:01:00",1114,1.5,26.5,33,3.5,3.5,0.2225,2.735,2,10:01:00,NA,NA,NA,NA,NA,NA
"140","CBOTD02","Calico Basin",1,"s","n",2,2025-04-30,"16:27:00",1152,5.9,26.4,30,6,6,1.0574,2.839,0,16:27:00,NA,NA,NA,NA,NA,NA
"141","CBOTD03","Calico Basin",1,"v","n",3,2025-05-11,"9:52:00",1157,5.4,30.6,36,6,6,0.2469,3.276,0,09:52:00,NA,NA,NA,NA,NA,NA
"142","CBOTD04","Calico Basin",1,"v","n",2,2025-05-18,"9:45:00",1185,8.6,20,26,4,4,0.5805,1.618,0,09:45:00,NA,NA,NA,NA,NA,NA
"143","CBOTD05","Calico Basin",1,"v","n",2,2025-05-18,"11:04:00",1149,3,20.2,25,3,3,0.3822,1.669,2,11:04:00,NA,NA,NA,NA,NA,NA
"144","CBOTD06","Calico Basin",1,"v","n",3,2025-05-26,"7:39:00",1137,2.2,26.2,29,4,4,1.7313,2.602,0,07:39:00,NA,NA,NA,NA,NA,NA
"145","CBOTD07","Calico Basin",1,"v","n",10,2025-05-26,"8:56:00",1120,1.1,28.6,23.5,4,4,2.8247,2.998,0,08:56:00,NA,NA,NA,NA,NA,NA
"146","CBOTD08","Calico Basin",1,"s","n",3,2025-05-26,"11:03:00",1107,3.7,31.4,30,6,6,0.046,3.994,0,11:03:00,NA,NA,NA,NA,NA,NA
"147","CBOTD09","Calico Basin",1,"v","n",1,2025-05-26,"19:21:00",1117,4.5,28.3,27,3,3,1.4692,3.37,1,19:21:00,NA,NA,NA,NA,NA,NA
"148","CBOTD10","Calico Basin",1,"v","n",7,2025-05-26,"19:38:00",1105,3.6,27.8,26.5,3,3,1.4963,3.284,1,19:38:00,NA,NA,NA,NA,NA,NA
"149","CBOTD11","Calico Basin",1,"s","n",1,2025-05-31,"6:44:00",1156,5,27.5,27,5,5,0.2374,2.772,0,06:44:00,NA,NA,NA,NA,NA,NA
"150","CBOTD12","Calico Basin",1,"s","n",2,2025-05-31,"17:33:00",1121,3.5,36,37.5,6,6,0.337,4.866,0,17:33:00,NA,NA,NA,NA,NA,NA
"151","VF004","Valley of Fire",0,"","y",1,2025-05-19,"9:07:00",550.2,5.78,25.8,29.4,4.3,3.5,0.3979,2.774,0,09:07:00,252.97,343.61,311.73,235.69,1144,"1:45:00"
"152","VF005","Valley of Fire",0,"","y",1,2025-07-17,"8:14:00",642.4,3.72,31.98,33.7,4.5,5,0.2468,2.614,0,08:14:00,215.63,249.84,252.81,246.65,964.93,"1:34:00"
"153","VF026","Valley of Fire",0,"","y",1,2025-06-18,"5:41:00",592.6,1.4,29.18,26.8,3.7,5,0.2606,3.435,0,05:41:00,250.5,255.92,254.94,259.68,1021.04,"1:52:00"
"154","VF047","Valley of Fire",0,"","y",2,2025-05-28,"10:11:00",597.2,2.6,34.76,40,3,2.5,0.458,5.001,0,10:11:00,260.78,221.98,250.26,260.16,993.18,"1:37:00"
"155","VF049","Valley of Fire",0,"","y",1,2025-07-09,"6:12:00",560.6,1.02,32.52,32.5,5.2,5,0.2615,3.776,0,06:12:00,246.49,255.62,256.73,240.38,999.22,"1:55:00"
"156","VF051","Valley of Fire",0,"","y",1,2025-04-28,"14:02:00",593.4,3.26,25.64,31.7,2.8,3,0.1076,2.942,0,14:02:00,240.47,258.44,234.93,268.72,1002.56,"1:48:00"
"157","VF053","Valley of Fire",0,"","y",1,2025-05-23,"12:20:00",582.8,14.14,35.96,40.2,1.9,1,0.213,5.477,0,12:20:00,272.67,244.05,249.05,246.18,1011.95,"1:43:00"
"158","VF054","Valley of Fire",0,"","y",1,2025-04-28,"10:16:00",646.6,3.06,22.62,29.4,3.8,4.5,0.7018,1.934,0,10:16:00,316.21,202.8,277.02,209.25,1005.28,"1:39:00"
"159","VF059","Valley of Fire",0,"","y",1,2025-04-09,"16:27:00",571,0.94,32.98,33,4.4,4,0.1888,4.538,0,16:27:00,234.15,255.06,227.87,282.3,999.38,"1:50:00"
"160","VF064","Valley of Fire",0,"","y",1,2025-07-28,"7:33:00",541.8,2.86,31.26,31,4.4,5,0.5312,4.063,0,07:33:00,242.42,287.29,207.35,251.13,988.19,"1:37:00"
"161","VF065","Valley of Fire",0,"","y",1,2025-05-23,"12:25:00",599,8.06,36.44,41.9,3.1,3.5,0.2434,5.124,2,12:25:00,256.8,251.74,257.53,219.36,985.43,"1:41:00"
"162","VF079","Valley of Fire",0,"","y",1,2025-04-14,"15:51:00",575.2,4.22,30.26,34.6,3.1,4,0.2269,3.643,2,15:51:00,249.07,195.21,275.82,276.99,997.09,"1:33:00"
"163","VF080","Valley of Fire",0,"","y",1,2025-04-11,"10:11:00",617.6,2.24,29.28,33.4,3.6,5,0.2379,3.594,0,10:11:00,221.32,279.55,178.24,339.79,1018.9,"1:53:00"
"164","VF084","Valley of Fire",0,"","y",1,2025-07-17,"5:15:00",623.6,1.56,29.66,28.7,3.7,3,0.4455,2.475,0,05:15:00,249.74,332.06,366.9,324.79,1273.49,"1:45:00"
"165","VF087","Valley of Fire",0,"","y",1,2025-07-11,"5:30:00",611.4,1.78,28.56,26.8,3.7,3.5,0.1571,3.312,0,05:30:00,243.95,257.58,263.58,243.74,1008.85,"1:46:00"
"166","VF111","Valley of Fire",0,"","y",1,2025-06-14,"5:33:00",538.2,1.58,29.44,27.8,2.7,1,0.2392,3.437,0,05:33:00,243.41,238.42,254.43,269.55,1005.81,"1:36:00"
"167","VF117","Valley of Fire",0,"","y",1,2025-04-28,"12:14:00",619.6,5.62,23.38,30.7,4.6,4.5,0.3602,2.076,0,12:14:00,288.2,239.44,232.11,235.33,995.08,"1:35:00"
"168","VF120","Valley of Fire",0,"","y",1,2025-06-12,"8:30:00",568,5.2,35.28,38,4,5,0.1143,4.994,1,08:30:00,233.24,228.72,244.24,268.49,974.69,"1:45:00"
"169","VF121","Valley of Fire",0,"","y",1,2025-04-23,"14:08:00",562.8,8.38,29.6,34.6,3.6,3,0.1302,3.729,1,14:08:00,248.55,259.09,241.04,250.71,999.39,"1:32:00"
"170","VF138","Valley of Fire",0,"","y",1,2025-04-11,"16:21:00",582.8,6.62,34.52,36.4,3.8,4.5,0.1241,5.038,0,16:21:00,228.68,251.96,266.36,250.97,997.97,"1:31:00"
"171","VF144","Valley of Fire",0,"","y",1,2025-04-14,"15:43:00",550.6,1.82,31.2,34.4,3.7,5,0.2412,4.167,1,15:43:00,215.09,266.65,255.76,259.22,996.72,"1:34:00"
"172","VF152","Valley of Fire",0,"","y",1,2025-07-18,"5:45:00",600.8,1.06,28.84,26.8,5.3,5.5,0.7041,2.487,0,05:45:00,261.22,243.42,238.91,253.64,997.19,"1:34:00"
"173","VF153","Valley of Fire",0,"","y",1,2025-06-26,"18:22:00",599.2,5.12,36.78,37.1,3.6,5,0.1571,5.358,0,18:22:00,258.32,240.97,247.91,262.57,1009.77,"1:45:00"
"174","VF162","Valley of Fire",0,"","y",1,2025-04-09,"11:54:00",612.8,1.28,32.94,36,5,6,0.3193,4.535,0,11:54:00,241.98,267.29,259.59,236.79,1005.65,"1:37:00"
"175","VF164","Valley of Fire",1,"s","y",1,2025-05-28,"8:37:00",587.67,1.583,31.68,37.08,4,5,0.1049,3.688,1,08:37:00,261.37,243.42,242.39,255.37,1002.55,"1:40:00"
"176","VF167","Valley of Fire",0,"","y",1,2025-05-19,"13:46:00",572.2,8.26,30.02,34.5,2.6,2,0.2869,3.763,0,13:46:00,264.01,306.4,227.43,266.34,1064.18,"1:32:00"
"177","VF170","Valley of Fire",0,"","y",1,2025-04-11,"13:01:00",568.8,2.42,34.26,37.8,2.8,2.5,0.0802,4.987,4,13:01:00,251.68,247.5,354.22,387.74,1241.14,"1:54:00"
"178","VF173","Valley of Fire",0,"","y",1,2025-05-08,"15:12:00",591.8,3.98,32.02,35.8,3.5,5,0.2756,3.414,0,15:12:00,257.29,240.66,247.01,246.1,991.06,"1:32:00"
"179","VF174","Valley of Fire",0,"","y",3,2025-04-07,"9:47:00",608.8,2.48,22.84,27.6,2.3,1.5,0.2119,2.354,1,09:47:00,196.89,254.29,236.08,341.98,1029.24,"1:45:00"
"180","VF179","Valley of Fire",0,"","y",1,2025-06-26,"8:31:00",582.4,1.76,33.76,36.3,3.6,3.5,0.2275,4.324,1,08:31:00,256.13,262.69,239.35,250.15,1008.32,"1:41:00"
"181","VF185","Valley of Fire",0,"","y",3,2025-04-07,"12:14:00",566.8,4.02,26.18,32.3,2.6,1.5,0.2236,3.042,0,12:14:00,276.07,235.97,261.13,235.25,1008.42,"1:24:00"
"182","VF189","Valley of Fire",0,"","y",1,2025-04-14,"9:15:00",561.2,4.4,25.18,29.6,3.1,1,0.0613,2.92,0,09:15:00,251.11,367.24,247.59,198.64,1064.58,"1:51:00"
"183","VF212","Valley of Fire",0,"","y",1,2025-05-23,"8:42:00",583.2,5.68,32.3,36,3.1,4,0.5452,3.985,1,08:42:00,249.84,247.02,251.18,255.74,1003.78,"1:59:00"
"184","VF219","Valley of Fire",0,"","y",1,2025-06-26,"5:37:00",573.8,0.54,26.46,22.4,4.3,5,0.2251,3.003,0,05:37:00,263.53,242.7,294.18,274.38,1074.79,"1:33:00"
"185","VF226","Valley of Fire",0,"","y",1,2025-06-04,"8:15:00",589.4,3.22,28.92,32.7,3.5,4.5,0.2561,2.302,1,08:15:00,247.91,258.74,243.6,251.05,1001.3,"1:41:00"
"186","VF227","Valley of Fire",1,"s","y",1,2025-05-23,"8:34:00",550.5,4.517,32.42,35.58,3.58,4.25,0.2233,4.425,0,08:34:00,254.58,241.21,240.98,270.12,1006.89,"1:34:00"
"187","VF236","Valley of Fire",0,"","y",1,2025-06-18,"5:31:00",563,2.5,28.06,24.8,3.4,2.5,0.1269,3.408,0,05:31:00,253.45,246.35,216.44,255.19,971.43,"1:52:00"
"188","VF240","Valley of Fire",0,"","y",1,2025-07-11,"8:22:00",564.2,1.94,35.44,36.4,4.8,5,0.4229,5.35,0,08:22:00,246.8,246.62,239.97,271.72,1005.11,"1:34:00"
"189","VF248","Valley of Fire",0,"","y",1,2025-06-22,"7:39:00",563.8,5.56,24.72,28,2.3,2,0.1756,2.573,0,07:39:00,237.88,255.32,249.58,299.56,1042.34,"1:31:00"
"190","VF255","Valley of Fire",0,"","y",1,2025-05-20,"8:55:00",687.8,4.7,24.14,29.4,2.6,2.5,0.2248,2.245,0,08:55:00,246.94,259.89,267.52,244.37,1018.72,"1:51:00"
"191","VF279","Valley of Fire",0,"","y",1,2025-05-08,"12:45:00",618,4.16,30.14,36.3,2.8,1,0.1922,3.019,2,12:45:00,296.43,240.01,260.2,250.07,1046.71,"1:45:00"
"192","VF280","Valley of Fire",0,"","y",1,2025-04-09,"9:14:00",626.8,1.72,26.52,30.4,4.8,5,0.3086,2.813,0,09:14:00,233.4,220.59,274.34,250.28,978.61,"1:46:00"
"193","VF284","Valley of Fire",0,"","y",2,2025-07-28,"5:32:00",625.6,1.6,26.22,25.5,2.8,3,0.1957,2.674,0,05:32:00,225.65,260.72,237.76,253.16,977.29,"1:35:00"
"194","VF294","Valley of Fire",0,"","y",1,2025-07-18,"8:20:00",615.4,2.26,31.04,32.4,4.8,5,0.0995,2.567,0,08:20:00,244.5,250.88,268.24,256.89,1020.51,"1:32:00"
"195","VF307","Valley of Fire",0,"","y",1,2025-04-11,"9:58:00",576.6,1.3,29.56,32.4,1.7,1.5,0.1066,3.682,1,09:58:00,249.83,231.7,295.9,222.48,999.91,"2:09:00"
"196","VF310","Valley of Fire",0,"","y",1,2025-04-09,"11:49:00",648.4,2.28,30.04,36.7,4.1,5,0.3838,3.737,0,11:49:00,227.96,220.19,264.67,289.59,1002.41,"1:50:00"
"197","VF311","Valley of Fire",0,"","y",1,2025-04-11,"16:32:00",550.6,1.94,34.66,34,4,5,0.1405,5.022,0,16:32:00,243.68,246.74,278.04,232.87,1001.33,"1:29:00"
"198","VF315","Valley of Fire",0,"","y",1,2025-05-30,"11:57:00",680.6,2.8,37.7,42.6,3.6,3,0.3283,5.45,0,11:57:00,303.34,167.34,340.6,251.85,1063.13,"1:53:00"
"199","VF319","Valley of Fire",0,"","y",1,2025-05-07,"12:46:00",604.8,3.54,23.8,29.5,4.4,5,0.5331,1.793,0,12:46:00,242.73,256.5,236.41,266.51,1002.15,"1:30:00"
"200","VF321","Valley of Fire",0,"","y",1,2025-05-20,"14:37:00",688.2,1.9,32.98,37.9,4.2,6,0.2716,3.932,0,14:37:00,246.06,240.31,298.37,225.33,1010.07,"1:57:00"
"201","VF324","Valley of Fire",0,"","y",1,2025-05-19,"9:04:00",582.6,6,24.12,26,4.5,6,0.1526,2.313,0,09:04:00,266.42,258.38,318.3,163.7,1006.8,"1:40:00"
"202","VF330","Valley of Fire",0,"","y",1,2025-05-20,"8:53:00",643.6,2.06,26.18,30.2,1.8,2,0.88,2.723,0,08:53:00,245.15,238.51,256.9,260.16,1000.72,"2:00:00"
"203","VF340","Valley of Fire",0,"","y",1,2025-04-14,"12:04:00",594.6,6.1,27.72,33.6,3.1,3.5,0.2183,3.065,0,12:04:00,293.59,205.85,224.05,251.27,974.76,"1:41:00"
"204","VF343","Valley of Fire",0,"","y",1,2025-06-12,"5:57:00",558,5.26,31.88,29.7,2,1,0.175,4.031,0,05:57:00,240.56,247.62,250.61,301.75,1040.54,"1:39:00"
"205","VF375","Valley of Fire",1,"s","y",1,2025-04-09,"15:47:00",588.83,2.55,32.73,35.08,3.5,3,0.1205,4.362,0,15:47:00,194.83,261.13,234.12,283.65,973.73,"1:30:00"
"206","VF376","Valley of Fire",0,"","y",1,2025-06-22,"5:33:00",608.2,6.72,20.58,20.8,3.6,3.5,0.2479,1.78,0,05:33:00,273.16,227.48,257.36,238.4,996.4,"1:55:00"
"207","VF380","Valley of Fire",0,"","y",1,2025-05-10,"9:19:00",576.8,2.76,34.08,38.5,4.1,5.5,0.2019,4.543,0,09:19:00,243.95,249.65,207.01,250.08,950.69,"2:22:00"
"208","VF395","Valley of Fire",0,"","y",1,2025-05-08,"9:35:00",566,1.94,29.74,29.4,2.3,1.5,0.1935,2.838,0,09:35:00,223.08,235.42,248.52,201.94,908.96,"1:35:00"
"209","VF402","Valley of Fire",0,"","y",1,2025-05-01,"9:23:00",624.8,4.18,25.26,30.5,2.2,2.5,0.071,2.345,0,09:23:00,267.43,162.84,267.13,267.63,965.03,"2:06:00"
"210","VF406","Valley of Fire",0,"","y",1,2025-05-20,"11:54:00",716,3.72,29.8,34.4,2.1,2,0.1503,3.589,0,11:54:00,254.51,237.01,242.62,240.69,974.83,"1:51:00"
"211","VF411","Valley of Fire",1,"s","y",2,2025-07-30,"5:48:00",633.43,1.7,28.84,26.43,6,6,0.2069,3.198,0,05:48:00,263.47,254.16,230.56,259,1007.19,"1:51:00"
"212","VF413","Valley of Fire",0,"","y",1,2025-06-26,"18:23:00",544.4,7.7,36.68,36.8,1.8,1,0.0599,5.742,0,18:23:00,237.77,254.32,242.25,267.8,1002.14,"1:36:00"
"213","VF426","Valley of Fire",0,"","y",1,2025-04-14,"9:29:00",618,5.7,23.66,27.7,3.5,4,0.1201,2.447,0,09:29:00,310.71,187.35,296.11,192.82,986.99,"1:33:00"
"214","VF429","Valley of Fire",0,"","y",1,2025-06-26,"5:54:00",582.6,0,24.18,23,5.4,5,0.2907,2.344,0,05:54:00,243.49,257.14,280.73,226.43,1007.79,"1:33:00"
"215","VF434","Valley of Fire",0,"","y",1,2025-05-30,"9:01:00",662.2,1.9,33.64,40,3.7,3,0.1829,4.497,0,09:01:00,268.23,349.95,277.08,304.8,1200.06,"1:59:00"
"216","VF436","Valley of Fire",0,"","y",1,2025-04-11,"12:55:00",602.2,4.22,34.1,39,4.2,4.5,0.2472,4.743,0,12:55:00,266.03,139.18,384.73,226.21,1016.15,"1:36:00"
"217","VF444","Valley of Fire",0,"","y",1,2025-05-10,"9:26:00",642.6,2.94,33.64,36.7,3.3,2,0.0947,4.103,0,09:26:00,265.06,199.85,302.99,243.96,1011.86,"2:01:00"
"218","VF463","Valley of Fire",0,"","y",1,2025-06-08,"6:46:00",584.6,2.46,29.7,30.4,5.4,5,0.1934,3.152,0,06:46:00,324.52,229.39,238.59,247.26,1039.76,"1:42:00"
"219","VF467","Valley of Fire",0,"","y",1,2025-07-14,"8:00:00",613.4,3.14,37.36,40.7,3.5,4.5,0.3144,5.298,1,08:00:00,251.56,243.1,250.36,254.49,999.51,"1:30:00"
"220","VF470","Valley of Fire",0,"","y",1,2025-04-14,"12:08:00",560.2,4.58,30.5,35.2,4,4,0.1248,4.006,0,12:08:00,207.11,271.92,220.63,288.92,988.58,"1:46:00"
"221","VF477","Valley of Fire",0,"","y",1,2025-04-09,"9:07:00",614.4,1.1,26.16,29.6,3.3,1.5,0.2468,2.952,2,09:07:00,353.89,198.25,264.37,204.4,1020.91,"1:43:00"
"222","VF481","Valley of Fire",0,"","y",1,2025-06-11,"17:35:00",555.6,12.4,40.54,40.5,2.9,1,0.1581,6.939,0,17:35:00,288.38,236.06,233.37,241.31,999.12,"1:36:00"
"223","VF482","Valley of Fire",0,"","y",1,2025-05-07,"9:51:00",573.8,1.86,22.96,23.7,3.4,4,0.1745,1.691,3,09:51:00,242.71,223.68,267.9,177.44,911.73,"1:45:00"
"224","VF504","Valley of Fire",0,"","y",1,2025-06-04,"8:05:00",539.8,5.14,28.5,31.6,2.3,1.5,0.2379,2.431,1,08:05:00,253.13,253.49,238.61,254.69,999.92,"1:44:00"
"225","VF518","Valley of Fire",0,"","y",1,2025-07-30,"5:19:00",578.4,1.08,29.2,24.1,3.7,5,0.273,3.528,0,05:19:00,264.51,252.62,229.83,253.38,1000.34,"1:33:00"
"226","VF519","Valley of Fire",0,"","y",1,2025-04-28,"14:43:00",613.2,2.36,25.28,33.2,3.5,3.5,0.3221,2.383,0,14:43:00,264.14,256.08,230.59,250.89,1001.7,"1:34:00"
"227","VF528","Valley of Fire",0,"","y",1,2025-06-08,"9:47:00",600.2,2.3,35.44,36.9,5,6,0.314,4.478,0,09:47:00,198.49,268.95,263.11,235.64,966.19,"1:30:00"
"228","VF529","Valley of Fire",0,"","y",1,2025-07-22,"5:48:00",582.4,10.08,30.54,30.58,2.7,3,0.2576,3.464,0,05:48:00,241.63,247.03,253.04,254.92,996.62,"1:36:00"
"229","VF530","Valley of Fire",0,"","y",2,2025-06-01,"7:40:00",599.6,3.58,33,35.4,2.4,2.5,0.3218,4.083,11,07:40:00,252.55,243.95,250.66,258.92,1006.08,"1:56:00"
"230","VF551","Valley of Fire",0,"","y",1,2025-07-25,"8:35:00",635.4,1.64,31.16,33.8,4,5,0.2459,3.681,0,08:35:00,252.48,247.97,263.12,219.04,982.61,"1:35:00"
"231","VF557","Valley of Fire",0,"","y",1,2025-05-01,"9:26:00",654.2,4.64,25.26,31.3,3.8,3.5,0.4044,2.231,0,09:26:00,238.64,263.54,260.82,227.57,990.57,"2:17:00"
"232","VF564","Valley of Fire",0,"","y",1,2025-05-19,"13:52:00",590.4,5.32,29.72,34.8,5,5,0.3308,3.351,1,13:52:00,253.68,254.1,246.21,245.96,999.95,"1:37:00"
"233","VF570","Valley of Fire",0,"","y",1,2025-06-22,"7:46:00",608.2,3.88,22.82,24.7,3.9,4.5,0.299,2.076,1,07:46:00,251.46,269.57,212.24,261.91,995.18,"1:30:00"
"234","VF571","Valley of Fire",0,"","y",1,2025-07-09,"8:48:00",579.2,1.42,39.8,43.4,2.6,1,0.1538,5.659,0,08:48:00,250.23,252.78,275.83,250.6,1029.44,"1:38:00"
"235","VF586","Valley of Fire",0,"","y",1,2025-04-23,"11:24:00",617.4,5.06,29.4,37,2.8,2,0.1269,3.652,0,11:24:00,264.94,164.7,190.11,165.17,784.92,"1:59:00"
"236","VF588","Valley of Fire",0,"","y",1,2025-05-20,"14:56:00",656.4,3.48,33.88,38.9,3.3,4,0.1382,4.675,1,14:56:00,202.7,284.88,265.28,271.48,1024.34,"2:02:00"
"237","VF589","Valley of Fire",1,"s","y",1,2025-06-01,"16:57:00",605.67,12.267,32.42,33.92,5.42,5,0.231,3.429,0,16:57:00,242.74,256.74,247.9,250.54,997.92,"1:46:00"
"238","VF592","Valley of Fire",0,"","y",1,2025-05-07,"9:53:00",597,2.46,20.9,25.8,3.8,3.5,0.2529,1.306,1,09:53:00,279.81,235.92,257.07,233.72,1006.52,"1:44:00"
"239","VF594","Valley of Fire",0,"","y",1,2025-07-18,"7:53:00",604.6,1.92,34.48,35.8,5.5,5.5,0.4697,3.75,3,07:53:00,262.35,237.41,248.39,251.37,999.52,"1:34:00"
"240","VF595","Valley of Fire",0,"","y",1,2025-07-25,"8:06:00",583.4,2.72,32.32,32.86,2.4,1.5,0.4186,4.353,0,08:06:00,255.02,246.45,242.45,255.6,999.52,"1:55:00"
"241","VF597","Valley of Fire",0,"","y",1,2025-06-14,"7:45:00",585.6,4.98,32.96,36.7,4.8,4.5,0.434,3.886,0,07:45:00,257.18,244.55,256.04,245.84,1003.61,"1:43:00"
"242","VF607","Valley of Fire",0,"","y",1,2025-05-19,"11:19:00",584.2,5.7,28.22,33.7,3.6,2,0.1513,3.312,0,11:19:00,261.31,231.63,235.13,263.31,991.38,"1:43:00"
"243","VF610","Valley of Fire",0,"","y",1,2025-04-28,"10:04:00",617.4,5.4,21.28,26.5,2.9,3.5,0.3525,2.21,0,10:04:00,259.59,216.41,243.23,242.58,961.81,"1:28:00"
"244","VF616","Valley of Fire",1,"s","y",1,2025-07-11,"5:32:00",546.17,0.65,29.22,27.33,4.58,5.25,0.1567,3.663,0,05:32:00,254.88,254.55,243.94,244.06,997.43,"2:18:00"
"245","VF617","Valley of Fire",0,"","y",1,2025-07-22,"9:11:00",565.8,6.1,33.8,37.74,2.6,2.5,0.1972,4.339,0,09:11:00,284.03,241.55,239.58,236.12,1001.28,"1:31:00"
"246","VF635","Valley of Fire",0,"","y",1,2025-05-01,"14:58:00",595.6,3.52,29.94,36.5,4.2,5,0.1762,3.27,0,14:58:00,243.45,256.6,271.66,234.89,1006.6,"1:49:00"
"247","VF639","Valley of Fire",1,"s","y",1,2025-07-09,"8:38:00",564.17,2.633,38.98,40.42,4.25,5.75,0.2624,6.273,1,08:38:00,245.82,243.89,255.85,263.34,1008.9,"1:36:00"
"248","VF642","Valley of Fire",0,"","y",1,2025-07-14,"8:29:00",631.8,2.3,37,38.2,4.6,5,0.333,4.734,0,08:29:00,239.48,206.89,294.74,312.94,1054.05,"1:40:00"
"249","VF645","Valley of Fire",0,"","y",1,2025-05-07,"12:28:00",566.8,2.82,27.08,30.9,2.6,3,0.1711,2.531,0,12:28:00,212.61,255.87,235.35,264.71,968.54,"1:41:00"
"250","VF651","Valley of Fire",0,"","y",1,2025-06-22,"5:33:00",571,4.88,21.6,20.9,3.4,3.5,0.3693,2.057,0,05:33:00,254.55,258.55,240.77,214.8,968.67,"1:36:00"
"251","VF666","Valley of Fire",0,"","y",1,2025-05-07,"15:00:00",574,3.1,27.82,30.4,2.8,2,0.0468,2.761,0,15:00:00,266.33,240.67,308.57,196.16,1011.73,"1:43:00"
"252","VF675","Valley of Fire",0,"","y",1,2025-06-04,"10:37:00",608,3,32.86,37.5,4.3,5,0.4559,3.364,0,10:37:00,244.81,225.35,283.35,255.08,1008.59,"1:30:00"
"253","VF681","Valley of Fire",0,"","y",1,2025-05-30,"9:04:00",679.6,2.42,32.22,35.3,4.6,5,0.4409,3.878,2,09:04:00,285.64,278.86,212.76,259.7,1036.96,"1:55:00"
"254","VF687","Valley of Fire",0,"","y",2,2025-04-23,"13:48:00",597.8,8.92,28.84,33.9,2.8,3,0.1979,3.16,1,13:48:00,358.58,263.58,210.04,189.72,1021.92,"1:32:00"
"255","VF689","Valley of Fire",0,"","y",1,2025-05-10,"13:07:00",604.8,3.38,36.96,41.7,4.8,6,0.1942,5.515,3,13:07:00,251.64,255.45,238.95,265.83,1011.87,"1:52:00"
"256","VF702","Valley of Fire",0,"","y",1,2025-06-11,"17:41:00",589.6,11.88,40.3,40.6,4.5,5,0.1564,6.331,0,17:41:00,252.59,247.61,260.32,246.71,1007.23,"1:44:00"
"257","VF703","Valley of Fire",0,"","y",1,2025-06-18,"8:00:00",568,1.72,34.4,35.6,3.2,2.5,0.2774,5.037,1,08:00:00,308.05,249.87,255.88,225.47,1039.27,"1:37:00"
"258","VF743","Valley of Fire",0,"","y",1,2025-06-04,"10:22:00",555.4,3.38,32.64,38.3,1,1,0.0508,3.652,1,10:22:00,272.59,239.56,244.4,244.66,1001.21,"1:39:00"
"259","VF744","Valley of Fire",0,"","y",1,2025-05-10,"13:11:00",677.6,5.86,36.62,40.7,3.2,2.5,0.2033,4.984,0,13:11:00,195.36,225.74,266.29,248.94,936.33,"2:03:00"
"260","VF746","Valley of Fire",0,"","y",1,2025-05-08,"14:52:00",567.4,3.34,33.84,36.4,3.3,2.5,0.2073,4.269,0,14:52:00,231.3,254.23,236.25,260.32,982.1,"1:32:00"
"261","VF760","Valley of Fire",0,"","y",1,2025-05-30,"12:25:00",678.8,3.72,37.44,45.7,3.3,4,0.1889,5.836,0,12:25:00,272.76,260.53,180.97,236.13,950.39,"1:50:00"
"262","VF766","Valley of Fire",0,"","y",1,2025-05-08,"12:11:00",562.4,2.22,32.66,38.3,3.8,5,0.2417,3.846,1,12:11:00,252.24,242.29,250.37,255.78,1000.68,"1:39:00"
"263","VF772","Valley of Fire",1,"s","y",1,2025-07-14,"5:19:00",623.17,1.817,31.73,31.67,3.08,2.75,0.1169,3.637,0,05:19:00,254.29,241.58,250.97,249.53,996.37,"1:33:00"
"264","VF779","Valley of Fire",0,"","y",1,2025-07-18,"6:03:00",620.8,2.32,28.02,27.4,5,6,0.2025,2.02,0,06:03:00,302.1,237.81,260.81,243.63,1044.35,"1:41:00"
"265","VF791","Valley of Fire",0,"","y",2,2025-05-28,"7:58:00",595,1.88,29.32,32,1.2,1,0.0365,3.511,2,07:58:00,258.54,240.06,252.48,247.38,998.46,"1:43:00"
"266","VF792","Valley of Fire",0,"","y",1,2025-05-01,"12:10:00",596.2,3.54,29.08,37.6,4.9,5.5,0.4041,3.004,0,12:10:00,243.03,315.72,209.24,243.58,1011.57,"2:08:00"
"267","VF817","Valley of Fire",0,"","y",1,2025-04-23,"8:32:00",605.8,4.54,27.58,29.3,3.2,2.5,0.3324,3.23,0,08:32:00,276.67,246.62,237.75,228.75,989.79,"2:04:00"
"268","VF826","Valley of Fire",0,"","y",1,2025-05-19,"11:12:00",610.4,6.34,25.94,33.1,3.8,5,0.3246,2.57,0,11:12:00,197.87,292.68,253.28,262.66,1006.49,"1:33:00"
"269","VF843","Valley of Fire",0,"","y",1,2025-05-01,"12:22:00",566.6,4.34,30.86,38.5,3.2,2,0.0922,3.55,0,12:22:00,268.44,287.78,325.49,223.94,1105.65,"2:04:00"
"270","VF851","Valley of Fire",0,"","y",1,2025-06-08,"6:29:00",572.8,2.32,28.64,27.8,3.8,5,0.3124,3.195,0,06:29:00,251.09,241.15,311.41,273.48,1077.13,"1:49:00"
"271","VF866","Valley of Fire",0,"","y",1,2025-06-14,"5:37:00",593.6,1.24,27.88,26.6,5.8,5.5,0.3308,2.804,0,05:37:00,262.83,251.74,225.5,268.95,1009.02,"1:39:00"
"272","VF868","Valley of Fire",0,"","y",1,2025-05-01,"15:05:00",574.8,2.44,32.42,40.8,3.2,3,0.1325,4.139,0,15:05:00,274.99,224.59,267.96,229.21,996.75,"1:35:00"
"273","VF879","Valley of Fire",0,"","y",1,2025-06-08,"9:06:00",589,2.22,34.82,35.1,3.5,3,0.2111,4.748,0,09:06:00,238.72,252.96,257.4,251.91,1000.99,"1:42:00"
"274","VF882","Valley of Fire",0,"","y",1,2025-07-25,"5:49:00",640.2,1.98,25.36,24.2,5.7,5.5,0.2421,2.564,0,05:49:00,257.35,301.15,232.1,229.47,1020.07,"1:39:00"
"275","VF886","Valley of Fire",0,"","y",1,2025-07-28,"5:13:00",542.8,3.4,26.7,23.6,3.5,4,0.1689,2.993,0,05:13:00,249.51,348.09,223.18,258.84,1079.62,"1:32:00"
"276","VF887","Valley of Fire",0,"","y",2,2025-04-23,"11:19:00",634.6,4.06,28.7,32.8,3.1,3,0.1057,3.127,0,11:19:00,244,287.04,277.38,184.34,992.76,"1:51:00"
"277","VF889","Valley of Fire",1,"s","y",1,2025-07-30,"7:21:00",596.67,3.883,32.9,33.83,3.5,3.5,0.1959,4.503,2,07:21:00,261.68,239.66,254.27,249.98,1005.59,"1:35:00"
"278","VF893","Valley of Fire",0,"","y",3,2025-06-01,"7:48:00",613,4.08,33.28,35,4.2,4.5,0.2086,3.975,0,07:48:00,235.29,240.52,243.93,264.42,984.16,"1:50:00"
"279","VF900","Valley of Fire",1,"s","y",1,2025-07-09,"5:48:00",551.67,1.9,33.13,30.92,4,5,0.2893,4.44,0,05:48:00,268.15,245.88,240.83,247.1,1001.96,"1:31:00"
"280","VF901","Valley of Fire",0,"","y",1,2025-06-26,"7:42:00",549.2,1.66,32.72,34.3,1.7,1,0.0808,4.412,1,07:42:00,265.76,232.69,245.8,261.86,1006.11,"1:35:00"
"281","VF904","Valley of Fire",0,"","y",1,2025-07-14,"5:35:00",624.6,1.26,31.78,29.8,3.7,5,0.2591,3.329,1,05:35:00,257.48,270.92,218.76,266.63,1013.79,"2:08:00"
"282","VF912","Valley of Fire",0,"","y",1,2025-04-28,"11:58:00",590.4,6.54,24.34,33.8,4.3,4,0.3607,2.817,0,11:58:00,280.12,240.58,238.05,243.58,1002.33,"1:28:00"
"283","VF915","Valley of Fire",0,"","y",1,2025-07-17,"7:51:00",649.4,2.54,32.58,34.2,3.5,3,0.099,3.143,0,07:51:00,263.84,238.38,237.96,266.28,1006.46,"1:37:00"
"284","VF916","Valley of Fire",0,"","y",1,2025-07-22,"5:53:00",587.8,9.4,30.48,29.9,4.5,5,0.2095,3.171,0,05:53:00,281.61,238.25,262.89,242.31,1025.06,"1:49:00"
"285","VF923","Valley of Fire",0,"","y",1,2025-05-08,"9:41:00",617.6,2.6,25.9,31.5,1.6,1,0.0461,2.109,1,09:41:00,250.52,251.35,275.98,229.02,1006.87,"2:14:00"
"286","VF932","Valley of Fire",0,"","y",1,2025-05-07,"15:28:00",598.4,2.44,27.48,31.5,4.5,4.5,0.195,2.479,2,15:28:00,280.62,319.46,256.62,148.54,1005.24,"1:30:00"
"287","VF936","Valley of Fire",0,"","y",2,2025-07-30,"8:38:00",602,1.9,34.16,35.4,5.8,7,0.2031,4.24,0,08:38:00,234.4,250.72,226.17,280.54,991.83,"1:34:00"
"288","VF937","Valley of Fire",0,"","y",2,2025-04-23,"8:28:00",629.8,7.28,26.3,29.9,3.1,3,0.2044,2.709,0,08:28:00,257.88,238.64,221.18,207.99,925.69,"2:14:00"
"289","VF940","Valley of Fire",0,"","y",1,2025-05-20,"11:58:00",721.2,3.78,29.74,37.9,4.8,5,0.3539,3.262,1,11:58:00,272.57,247.37,287.28,262.62,1069.84,"1:48:00"
"290","VF945","Valley of Fire",1,"s","y",1,2025-06-12,"6:00:00",602.83,3.9,32.13,32,4.67,5,0.2827,3.707,0,06:00:00,260,242.42,273.27,212.07,987.76,"2:03:00"
"291","VF946","Valley of Fire",1,"s","y",1,2025-07-22,"8:27:00",598.67,8.217,32.63,35.5,4.75,5.25,0.2227,3.541,0,08:27:00,257.93,242.55,253.37,253.14,1006.99,"1:37:00"
"292","VF951","Valley of Fire",1,"s","y",1,2025-06-04,"17:17:00",556.5,8.433,33.33,33.92,5.25,6,0.4456,4.044,0,17:17:00,240.08,241.47,242,279.46,1003.01,"1:45:00"
"293","VF962","Valley of Fire",0,"","y",1,2025-06-14,"7:39:00",551.2,2.44,32.94,34.2,3.4,3.5,0.1804,4.21,1,07:39:00,281.34,260.68,231.45,216.48,989.95,"1:32:00"
"294","VF978","Valley of Fire",0,"","y",1,2025-06-01,"16:34:00",550.4,18.34,32.86,35.7,3.4,5,0.3236,3.85,0,16:34:00,256.37,225.23,258.45,260.69,1000.74,"1:30:00"
"295","VF981","Valley of Fire",0,"","y",1,2025-06-18,"8:07:00",591.2,3.5,34.7,37.6,4.7,5,0.2765,4.698,0,08:07:00,265.04,243.08,246.12,261.7,1015.94,"1:34:00"
"296","VF985","Valley of Fire",0,"","y",1,2025-07-11,"8:03:00",606.6,3.12,34.32,38.2,2.8,3,0.1559,4.545,0,08:03:00,236.19,271.72,244.77,240.54,993.22,"1:48:00"
"297","VF990","Valley of Fire",1,"s","y",1,2025-07-17,"5:21:00",622.17,4.55,30.3,29.08,5.67,6,0.2626,2.438,0,05:21:00,253.29,266.9,259.86,241.72,1021.77,"1:33:00"
"298","VF993","Valley of Fire",0,"","y",2,2025-07-28,"7:29:00",610,0.4,30.36,30.2,5.2,5,0.2318,3.529,0,07:29:00,252.5,229.54,264.08,244.44,990.56,"1:36:00"
"299","VF997","Valley of Fire",1,"s","y",1,2025-07-25,"5:51:00",553.83,1.583,26.75,25.32,3.08,2.5,0.3665,2.951,0,05:51:00,242.74,341.07,305.08,217.74,1106.63,"1:32:00"
"300","VFOTD01","Valley of Fire",1,"v","n",3,2025-05-28,"7:17:00",642,3.1,25.4,25.5,6,6,0.0322,2.589,0,07:17:00,NA,NA,NA,NA,NA,NA
"301","VFOTD02","Valley of Fire",1,"s","n",1,2025-05-30,"7:43:00",593,2,27.5,30,6,6,0.6637,2.959,0,07:43:00,NA,NA,NA,NA,NA,NA
"302","VFOTD03","Valley of Fire",1,"v","n",2,2025-06-01,"19:40:00",617,7,30.1,31,1,1,0.0202,3.132,0,19:40:00,NA,NA,NA,NA,NA,NA
"303","VFOTD04","Valley of Fire",1,"s","n",1,2025-07-22,"7:45:00",552,5.6,31.8,30.4,6,6,0.1113,3.789,0,07:45:00,NA,NA,NA,NA,NA,NA
"304","VFOTD05","Valley of Fire",1,"s","n",1,2025-07-28,"9:36:00",569,4.2,34.6,36,6,6,0.1408,5.027,0,09:36:00,NA,NA,NA,NA,NA,NA
"305","VFOTD06","Valley of Fire",1,"v","n",3,2025-07-28,"10:05:00",619,3.7,33.7,33,1,1,0.0214,4.352,0,10:05:00,NA,NA,NA,NA,NA,NA
